{"Accuracy": 0.7142857142857143, "Precision": 0.8333333333333334, "Recall": 0.8333333333333334, "F1-score": 0.8333333333333334}